,likes,comments,postedOn,name,sex
0,345,8,2019-09-07T17:09:16.000Z,AC,M
1,312,5,2019-04-04T18:01:48.000Z,AC,M
2,269,5,2019-03-16T20:53:32.000Z,AC,M
3,290,5,2019-02-28T17:59:22.000Z,AC,M
4,254,3,2019-02-10T18:36:30.000Z,AC,M
5,320,1,2019-01-01T18:04:08.000Z,AC,M
6,212,1,2018-12-16T17:41:09.000Z,AC,M
7,270,2,2018-11-22T19:09:00.000Z,AC,M
8,294,4,2018-09-23T17:07:46.000Z,AC,M
9,264,1,2018-07-22T15:01:54.000Z,AC,M
10,263,1,2018-07-01T18:34:11.000Z,AC,M
11,254,3,2018-06-28T19:01:08.000Z,AC,M
12,246,2,2018-05-12T20:32:48.000Z,AC,M
13,294,5,2018-05-09T18:13:17.000Z,AC,M
14,266,4,2018-03-29T17:52:10.000Z,AC,M
15,316,3,2018-02-01T23:01:29.000Z,AC,M
16,290,5,2018-01-08T20:54:45.000Z,AC,M
17,252,3,2017-12-17T19:07:34.000Z,AC,M
18,255,6,2017-09-28T15:48:04.000Z,AC,M
19,278,10,2017-09-02T16:33:54.000Z,AC,M
20,205,0,2017-07-29T17:21:36.000Z,AC,M
21,190,1,2017-07-19T11:15:43.000Z,AC,M
22,219,10,2017-07-14T19:16:02.000Z,AC,M
23,257,8,2017-06-25T19:00:37.000Z,AC,M
24,256,5,2017-05-11T16:40:59.000Z,AC,M
25,235,1,2017-05-06T21:53:59.000Z,AC,M
26,198,2,2017-01-23T17:07:16.000Z,AC,M
27,183,12,2016-12-07T18:25:17.000Z,AC,M
28,176,7,2016-10-16T18:37:09.000Z,AC,M
29,132,4,2016-09-26T17:06:19.000Z,AC,M
30,134,12,2016-08-24T19:15:36.000Z,AC,M
31,132,12,2016-08-05T17:03:39.000Z,AC,M
32,133,6,2020-03-19T19:53:37.000Z,KZ,M
33,135,0,2019-12-21T16:24:21.000Z,KZ,M
34,159,3,2019-11-04T09:27:21.000Z,KZ,M
35,151,9,2019-04-04T19:14:47.000Z,KZ,M
36,136,3,2018-09-27T19:44:01.000Z,KZ,M
37,116,0,2018-08-06T13:23:28.000Z,KZ,M
38,107,0,2018-06-24T18:23:26.000Z,KZ,M
39,119,2,2018-05-16T10:51:13.000Z,KZ,M
40,152,1,2018-02-08T20:49:56.000Z,KZ,M
41,101,1,2017-11-05T13:55:42.000Z,KZ,M
42,108,3,2017-08-31T18:16:53.000Z,KZ,M
43,80,0,2017-08-11T07:17:39.000Z,KZ,M
44,102,3,2017-07-23T18:28:30.000Z,KZ,M
45,98,0,2017-07-08T17:55:22.000Z,KZ,M
46,114,4,2017-06-24T12:37:49.000Z,KZ,M
47,104,2,2017-03-26T17:47:05.000Z,KZ,M
48,88,8,2017-02-25T12:48:06.000Z,KZ,M
49,62,2,2017-02-14T10:18:33.000Z,KZ,M
50,61,3,2017-02-05T14:06:20.000Z,KZ,M
51,52,2,2017-01-14T14:36:36.000Z,KZ,M
52,65,3,2016-11-10T16:50:34.000Z,KZ,M
53,23,3,2016-01-17T17:15:38.000Z,KZ,M
54,13,3,2013-10-25T16:07:53.000Z,KZ,M
55,10,2,2013-10-11T18:32:01.000Z,KZ,M
56,225,5,2020-09-16T17:12:41.000Z,SB,F
57,165,7,2020-08-23T20:38:01.000Z,SB,F
58,171,6,2020-03-11T18:14:43.000Z,SB,F
59,181,6,2020-03-01T17:44:15.000Z,SB,F
60,201,12,2019-11-17T18:57:57.000Z,SB,F
61,198,5,2019-10-21T15:58:06.000Z,SB,F
62,164,1,2019-09-15T18:24:09.000Z,SB,F
63,149,8,2019-09-07T18:36:22.000Z,SB,F
64,172,4,2019-08-30T17:57:02.000Z,SB,F
65,199,12,2018-11-22T19:11:21.000Z,SB,F
66,140,4,2018-11-03T20:04:05.000Z,SB,F
67,140,7,2018-10-04T16:05:56.000Z,SB,F
68,147,1,2018-09-06T17:43:58.000Z,SB,F
69,147,3,2018-07-06T16:44:07.000Z,SB,F
70,161,6,2018-06-28T17:59:19.000Z,SB,F
71,161,12,2018-05-26T17:04:33.000Z,SB,F
72,167,10,2018-03-02T16:25:46.000Z,SB,F
73,153,12,2018-01-28T20:50:35.000Z,SB,F
74,152,11,2018-01-25T14:14:35.000Z,SB,F
75,124,6,2017-12-12T20:25:48.000Z,SB,F
76,116,2,2017-11-11T19:19:00.000Z,SB,F
77,68,3,2017-10-18T16:43:48.000Z,SB,F
78,90,1,2017-09-25T18:59:17.000Z,SB,F
79,131,2,2017-09-21T16:39:10.000Z,SB,F
80,76,0,2020-12-19T20:03:14.000Z,SS,F
81,154,4,2020-09-12T19:20:13.000Z,SS,F
82,128,2,2020-08-23T15:50:47.000Z,SS,F
83,156,11,2020-08-17T18:46:47.000Z,SS,F
84,141,7,2020-08-04T17:52:10.000Z,SS,F
85,99,1,2020-05-04T18:26:16.000Z,SS,F
86,112,4,2020-03-08T20:45:07.000Z,SS,F
87,149,5,2019-10-21T12:52:16.000Z,SS,F
88,140,4,2019-09-01T17:36:31.000Z,SS,F
89,100,2,2019-08-26T17:00:05.000Z,SS,F
90,104,2,2019-08-06T17:44:58.000Z,SS,F
91,103,8,2019-07-13T16:31:54.000Z,SS,F
92,142,12,2019-04-22T15:06:47.000Z,SS,F
93,117,4,2019-04-20T14:37:02.000Z,SS,F
94,91,4,2019-03-21T13:06:53.000Z,SS,F
95,141,6,2019-01-24T13:43:43.000Z,SS,F
96,92,2,2018-12-15T20:49:24.000Z,SS,F
97,107,1,2018-11-03T17:41:27.000Z,SS,F
98,102,4,2018-09-29T12:58:01.000Z,SS,F
99,97,2,2018-08-07T16:01:27.000Z,SS,F
100,116,1,2018-08-05T15:01:36.000Z,SS,F
101,102,1,2018-07-28T15:58:40.000Z,SS,F
102,98,1,2018-07-18T18:00:24.000Z,SS,F
103,103,2,2018-07-13T13:46:24.000Z,SS,F
104,90,1,2020-08-09T14:24:25.000Z,JA,M
105,91,1,2020-03-23T17:17:58.000Z,JA,M
106,72,0,2019-09-01T10:10:07.000Z,JA,M
107,98,3,2018-06-25T12:43:58.000Z,JA,M
108,67,0,2018-01-16T22:47:47.000Z,JA,M
109,73,4,2017-07-10T14:55:29.000Z,JA,M
110,48,0,2017-03-13T23:28:18.000Z,JA,M
111,41,12,2016-11-08T12:56:33.000Z,JA,M
112,123,5,2020-11-08T16:53:22.000Z,NS,F
113,148,9,2020-09-27T16:32:49.000Z,NS,F
114,113,3,2020-08-09T10:13:44.000Z,NS,F
115,112,2,2020-03-18T19:25:17.000Z,NS,F
116,95,0,2020-03-01T12:20:13.000Z,NS,F
117,123,8,2020-02-15T16:46:29.000Z,NS,F
118,104,2,2020-02-14T13:38:13.000Z,NS,F
119,116,5,2020-01-25T15:11:17.000Z,NS,F
120,125,10,2019-11-30T12:45:49.000Z,NS,F
121,103,4,2019-11-02T17:31:06.000Z,NS,F
122,142,12,2019-10-21T17:19:25.000Z,NS,F
123,125,10,2019-10-20T14:17:08.000Z,NS,F
124,115,10,2019-08-12T18:32:39.000Z,NS,F
125,96,6,2019-07-29T17:59:35.000Z,NS,F
126,93,3,2019-06-29T13:01:50.000Z,NS,F
127,94,10,2019-06-17T14:35:40.000Z,NS,F
128,97,6,2019-06-04T14:03:35.000Z,NS,F
129,90,6,2019-03-29T17:52:59.000Z,NS,F
130,87,3,2019-03-07T17:12:27.000Z,NS,F
131,106,7,2019-02-16T11:29:39.000Z,NS,F
132,72,0,2019-02-02T15:48:56.000Z,NS,F
133,76,0,2019-01-24T17:12:12.000Z,NS,F
134,83,4,2018-12-02T13:20:16.000Z,NS,F
135,71,2,2018-11-21T13:21:33.000Z,NS,F
136,221,7,2020-10-10T09:40:44.000Z,EQ,F
137,199,7,2020-07-05T08:05:50.000Z,EQ,F
138,120,2,2020-02-01T12:14:55.000Z,EQ,F
139,180,3,2019-10-21T16:01:33.000Z,EQ,F
140,113,2,2019-08-11T12:24:12.000Z,EQ,F
141,129,6,2019-02-02T14:34:33.000Z,EQ,F
142,121,2,2018-12-25T23:05:32.000Z,EQ,F
143,113,3,2018-08-23T07:30:20.000Z,EQ,F
144,135,3,2018-08-14T20:46:00.000Z,EQ,F
145,139,2,2018-08-09T21:20:14.000Z,EQ,F
146,128,2,2017-12-11T11:32:32.000Z,EQ,F
147,121,3,2017-11-03T00:00:02.000Z,EQ,F
148,102,4,2017-08-31T12:01:20.000Z,EQ,F
149,67,0,2017-08-23T14:12:48.000Z,EQ,F
150,109,3,2017-06-25T16:25:37.000Z,EQ,F
151,80,12,2017-04-09T20:14:48.000Z,EQ,F
152,76,0,2017-03-05T16:44:51.000Z,EQ,F
153,68,2,2017-02-25T19:57:56.000Z,EQ,F
154,73,3,2017-01-28T17:32:50.000Z,EQ,F
155,51,1,2017-01-01T16:55:56.000Z,EQ,F
156,74,2,2016-12-14T13:27:58.000Z,EQ,F
157,54,4,2016-11-29T13:51:46.000Z,EQ,F
158,60,0,2016-11-10T14:21:20.000Z,EQ,F
159,34,0,2016-11-02T12:06:45.000Z,EQ,F
160,122,4,2020-06-29T17:40:43.000Z,LW,F
161,93,3,2020-05-02T14:30:56.000Z,LW,F
162,93,4,2020-04-11T11:52:55.000Z,LW,F
163,129,4,2020-03-04T18:05:59.000Z,LW,F
164,122,9,2020-02-26T12:02:55.000Z,LW,F
165,120,5,2019-09-29T13:50:09.000Z,LW,F
166,107,9,2019-09-19T16:12:00.000Z,LW,F
167,93,3,2019-09-08T08:15:03.000Z,LW,F
168,109,5,2019-07-22T19:53:37.000Z,LW,F
169,100,2,2019-06-15T22:51:13.000Z,LW,F
170,109,3,2019-04-07T20:33:47.000Z,LW,F
171,108,1,2019-02-24T22:54:18.000Z,LW,F
172,86,1,2019-01-20T13:11:53.000Z,LW,F
173,98,3,2018-12-11T17:19:43.000Z,LW,F
174,66,2,2018-10-07T12:31:49.000Z,LW,F
175,61,0,2018-10-05T08:22:32.000Z,LW,F
176,71,3,2018-08-24T19:38:06.000Z,LW,F
177,76,0,2018-06-22T16:35:39.000Z,LW,F
178,87,9,2018-06-01T19:53:35.000Z,LW,F
179,83,1,2018-04-27T18:44:57.000Z,LW,F
180,64,4,2018-03-08T19:49:59.000Z,LW,F
181,73,2,2018-02-11T21:16:44.000Z,LW,F
182,84,5,2017-12-22T20:42:32.000Z,LW,F
183,81,0,2017-12-16T16:44:55.000Z,LW,F
184,110,3,2020-10-10T22:01:18.000Z,MC,M
185,118,5,2019-03-25T11:02:07.000Z,MC,M
186,153,3,2018-09-12T14:45:55.000Z,MC,M
187,87,1,2018-05-22T08:51:49.000Z,MC,M
188,106,3,2018-02-21T15:35:29.000Z,MC,M
189,95,2,2017-11-29T13:54:19.000Z,MC,M
190,78,2,2017-10-16T13:44:21.000Z,MC,M
191,91,0,2017-09-23T13:21:32.000Z,MC,M
192,121,9,2017-08-21T19:22:13.000Z,MC,M
193,134,2,2017-08-15T05:07:43.000Z,MC,M
194,127,5,2017-08-02T11:21:24.000Z,MC,M
195,91,2,2017-07-15T12:40:00.000Z,MC,M
196,103,5,2017-06-11T18:54:56.000Z,MC,M
197,100,1,2017-03-21T15:51:16.000Z,MC,M
198,53,0,2016-11-30T20:20:50.000Z,MC,M
199,45,4,2016-10-22T18:57:26.000Z,MC,M
200,50,1,2016-09-10T12:42:31.000Z,MC,M
201,54,0,2016-08-06T17:43:48.000Z,MC,M
202,164,1,2020-12-26T22:23:03.000Z,LA,M
203,147,3,2020-12-14T17:22:40.000Z,LA,M
204,163,3,2020-09-29T16:07:29.000Z,LA,M
205,156,3,2020-08-28T16:01:10.000Z,LA,M
206,131,2,2020-07-20T18:00:08.000Z,LA,M
207,107,2,2020-06-15T16:07:04.000Z,LA,M
208,131,1,2020-06-09T13:31:14.000Z,LA,M
209,162,3,2020-04-06T10:49:33.000Z,LA,M
210,165,5,2020-03-03T17:23:20.000Z,LA,M
211,191,3,2020-01-29T17:01:18.000Z,LA,M
212,151,3,2020-01-27T19:06:54.000Z,LA,M
213,182,4,2020-01-10T18:46:41.000Z,LA,M
214,169,4,2020-01-09T16:16:45.000Z,LA,M
215,147,2,2019-12-28T18:24:52.000Z,LA,M
216,186,0,2019-12-21T17:02:13.000Z,LA,M
217,256,12,2019-10-17T17:30:32.000Z,LA,M
218,143,1,2019-10-07T15:33:31.000Z,LA,M
219,122,2,2019-09-22T18:06:39.000Z,LA,M
220,114,1,2019-09-20T16:35:29.000Z,LA,M
221,113,0,2019-09-18T15:43:51.000Z,LA,M
222,135,0,2019-09-15T15:48:45.000Z,LA,M
223,98,4,2019-09-13T07:42:19.000Z,LA,M
224,156,0,2019-09-07T17:56:58.000Z,LA,M
225,180,3,2019-07-15T15:31:49.000Z,LA,M
